-- password for each account is pass<id> , ex: pass1 for account_id = 1
INSERT INTO Account(username,password,create_date,role,email)
VALUES ('ujones','e6c3da5b206634d7f3f3586d747ffdb36b5c675757b380c6a5fe5c570c714349','2023-12-13','user','laura09@example.net'),
('pprice','1ba3d16e9881959f8c9a9762854f72c6e6321cdd44358a10a4e939033117eab9','2023-12-11','user','adamscynthia@example.org'),
('jenniferbartlett','3acb59306ef6e660cf832d1d34c4fba3d88d616f0bb5c2a9e0f82d18ef6fc167','2023-12-12','admin','amcfarland@example.net'),
('fernandezleonard','a417b5dc3d06d15d91c6687e27fc1705ebc56b3b2d813abe03066e5643fe4e74','2023-12-14','user','robertware@example.org'),
('mary36','0eeac8171768d0cdef3a20fee6db4362d019c91e10662a6b55186336e1a42778','2023-12-11','user','kmckay@example.com'),
('bradleymatthew','5c4950c94a3461441c356afa783f76b83b38fd65f730f291403efbcc798acc1f','2023-12-11','user','wilsonchristina@example.org'),
('wbeck','1526f5e0e31d42fe1c3664ce923ac22ac1333417a90b32043797ac454cd03112','2023-12-11','user','kevin04@example.net'),
('jklein','c8fea5b0b76dc690feaf5544749f99b40e78e2a37c0e867a086696509416302a','2023-12-12','user','santanadiane@example.net'),
('fordkevin','2d4589473fb3f4581d7452cd25182159d68d2a50056a0cce35a529b010e32f2b','2023-12-11','user','calexander@example.org'),
('jessica91','b35892cb8b089e03e4420b94df688122a2b76d4ad0f8b94ad20808bb029e48a5','2023-12-11','user','tanya62@example.com'),
('susanhall','8057f787ebd8b4f9d40f53d7fbbfcbdde7067c1a074435b68f525b3de0e2ac2b','2023-12-12','user','ibailey@example.com'),
('vazquezalexandria','fdac810d0c09f25c5ddcee9976ab1f1ae1973dba7c65152d95b0937bc2a6c883','2023-12-14','user','imendoza@example.net'),
('andrew75','1e53de2a2b4ab888cc24002ef8832d433b21956ab83ddeef989c8224b5c8f9f2','2023-12-13','user','carlyturner@example.net'),
('valentineholly','b78f24953963ac5ed773d6ec83120e3b1a65510201dc09ed2ed9e9781ba88870','2023-12-13','user','watsonallison@example.org'),
('clarkematthew','b5a4ec869015095060b1171791334513f741177c4011e2c5c36e3e37a5ff8e5f','2023-12-13','user','velezwendy@example.com'),
('wjackson','f0c28ba3fd9e0dcdcd0470acfcb98cc5a58d7d93422dbbefb930455ef714c87d','2023-12-14','user','hunterwebb@example.com'),
('msantos','4a6b7fa040bcfc734a113fee84d3789c0a626d70d029afad0d1c3e7b6c562e14','2023-12-14','user','rodriguezamanda@example.net'),
('wbraun','b99ddd77e59c96b13b64b3abe1902db4c0a76dabf8622aa6c71f8f5670be6625','2023-12-11','user','walshsusan@example.org'),
('xadkins','871431053023291d24b403f1f9d761c6f01b3050a0a83cd9d9759a970f8d4d92','2023-12-14','user','paigewatkins@example.net'),
('sparksmark','51d11024031a8951b4722671adfc8587538f5e5417206e7862e60752758a5c35','2023-12-13','user','gregorypatricia@example.com'),
('sandrahernandez','2d6b3bb57cb9e22fa36516172ef096b30ae00d08eedc1499c599b6269975521d','2023-12-11','user','jenniferhumphrey@example.org'),
('jennifer58','d0f82756c4d40d20e1fdbc90cf4da4adff02fe23b355687525880514642f764e','2023-12-12','admin','fmejia@example.org'),
('david64','8893186d24cce07e1c82f2e020d41177e699318b4be9535483fdf55edf58cd50','2023-12-13','user','kcox@example.com'),
('wilkersonjamie','cafdc894eacc597ad76db1a750ccb876d4ed69c73b7d3d23f5e3a9e3b5c9fc2e','2023-12-13','user','jfischer@example.org'),
('mark77','0028e1c0d2c60966390545414567d33bca9f0165fece6d0109c59a3f29b5fdd0','2023-12-14','user','anthonywalker@example.com'),
('johnmills','45e17065ddc6fb3a682f7732df5804652952dbe1f5ca5377a661515a8fcf66be','2023-12-11','user','gomeznicole@example.net'),
('corey65','43b3ec9ea3961a319d37b4cc775d3f43f68709b62a93db10dd6c598137f28732','2023-12-13','user','timothy62@example.net'),
('anavelasquez','034a0cdf079dfa3ca924e07e3c509bbf50768d1949b021c0ea0030cff80ba4d1','2023-12-14','user','riveratimothy@example.com'),
('drichardson','53f6f072e26d36b9e55d5dc828872856d5286f18ce3818d367f9e4473e464a66','2023-12-13','user','rbell@example.org'),
('yswanson','85fcbe6bf830f23209ea6a932921e8da31a653a24a20cb84e75c4997e505690b','2023-12-14','user','sharon17@example.com'),
('taylornicole','3b3ad733c8571384c133694595c33d96c638b36f08a484bd0ad38bf312fdb294','2023-12-13','user','owhitehead@example.net'),
('isabellaschmitt','451a8149ebd58dbd064e3337c6de5d4f4bb08cd70bbbd48d62a205bd706b6bb0','2023-12-12','user','omason@example.com'),
('kevin05','0756810289814362efbea8bb826fea0a7bc4318a7f22a4b27b48290cd39951a3','2023-12-11','user','jonathanburgess@example.org'),
('stephanie54','94cd5db06baf087fd56c0042adc1deb162d271acfb8b3eb0277069517998d489','2023-12-13','user','dgray@example.com'),
('scott09','5a66c7ba1398dd71c92a77cc7647c4183e6bf97b227e441bb2674a319b184e63','2023-12-13','user','rangelandrew@example.com'),
('stephanie65','133f8a05107e5442771c85da3dec70050ae5f3273849326b4a4e2ceaab2ef058','2023-12-13','user','howebill@example.org'),
('dustin38','1a31ac086ebf1341c916929e6d982767cd8568887d7c930ba8abd062afa08eac','2023-12-13','user','mcconnellchristine@example.net'),
('farrelleric','b64171fda74426604480b9bf7c10ccdc2ebc80266c8667c42346f54ce87d4dec','2023-12-13','user','jillcalderon@example.net'),
('polson','099646084abbbc2c403c480bea87e7de23ce18db73a3e28251effef3ed49f1ea','2023-12-13','user','ylam@example.net'),
('wilsonrebecca','d88a53cd8ffe65ab18d2c62882479559aa781642ce7a8d340b22fc0a637b0359','2023-12-14','user','wboyd@example.net'),
('lynnwall','a8a5146b1f97c2c8987ccb3a87d2f30b8aa258c2a32cb96115bf381d42df875c','2023-12-11','user','xhowell@example.org'),
('rittersarah','de3543c757d459090b9adaf9a80a54d54724a0f1600d4c77d6017dde58cf1189','2023-12-12','user','martineztimothy@example.net'),
('sjohnson','db9aa0719dbf5cac40e44b268042014e9bc28b4134df9051a35f8c64f6603b6f','2023-12-11','user','proberts@example.com'),
('bartonkathryn','147eb7dd0f4c59120be8adb20f9dc4d4a0ccb27a0d48d7546dfa171dd980f075','2023-12-14','user','qjones@example.net'),
('tammy67','64bf83fcf172a284e3db6b4cc76bb175184ee9dd57e77f0421e3e401ea3858e0','2023-12-13','user','williambridges@example.org'),
('waltonjennifer','3f1b954c84d8216e09ae793664571dedb1e1bcc9a2bfdc2b6dc58db9a24fa7de','2023-12-11','user','megan70@example.com'),
('kingbrian','dbb70b94b6b192a1085e8056872daa4eb24002d47c82e88b1323f1a5882567ba','2023-12-12','user','williammiller@example.net'),
('wortiz','ffe4daf45af0e803fbe1fba2de5c7f7644f30b71ddb082100779d7884e0291c2','2023-12-14','user','petersoncrystal@example.org'),
('trevor28','a0c69ae7ad7629347d41a89d9a558b26bd9b126a3a183f3498444843acd7270d','2023-12-12','user','gregoryallen@example.net'),
('larry53','be46e03449534372e45f1abf511f78148625cf11d99f2f550e2f32b3a551dfb6','2023-12-11','user','lucasellen@example.com'),
('veronicagarcia','cc35e4b303c84633f2e64c1fe30a9c2f9e0f1dcdd53d1a748451b83164db475a','2023-12-12','user','millerapril@example.org'),
('michaelarellano','f511f615cd867553edd2fc66f4dc34441851f699cc1457f767c5ec0bad8cd250','2023-12-11','user','gcarter@example.com'),
('christinefox','f75b853a4521962ca5d349e4ca4cb69dce2dbfef61731cb9d14f1f2f1b6499fe','2023-12-13','user','hansonerin@example.com'),
('sharpsusan','db383db8666c1c7f372e49b801a0405e0dd4193ab772163521b16e78879fa334','2023-12-12','user','ldelgado@example.com'),
('ttaylor','d6f7adababfd90706cc787591cdaf547f91d53abcb9008a180d90fc3d4f651e2','2023-12-12','user','igrant@example.org'),
('marie92','bacb5d03bee1af445b7cc73ba8db52a7fc01d474327c87899831ffe3b4c3543b','2023-12-11','user','larrysmith@example.net'),
('williamalexander','3b356cdbaeb3d03a6b6f713a048489d62fd63b4a8fd0c70a976cb0b70c119e46','2023-12-11','user','calhounsarah@example.org'),
('tannersarah','daa7c4bc3f1506b52b2bcc7864db9a96aee3ec1a8a68b29c5db60de1f8a6918b','2023-12-11','user','donaldsonrandall@example.net'),
('ctorres','e5e0e771c99778aef6f0046adb86a3d3e3ede2c68f43aae6b4ee9d498709328b','2023-12-11','user','smithpatrick@example.com'),
('josephchavez','598ed9422e3d9c328f48cafc2c66a66a3d393b64290f7741d60e6e22c03ca031','2023-12-14','user','dana51@example.net'),
('leslielove','da3df0f1c138cc7b9e79e218587a605e12b7a9b9ac24e1287da5ed056cf10c22','2023-12-14','user','cody59@example.org'),
('yunderwood','9b857dc1d1dc03b131bdb429b972f5f28c7d72b8466a22d54c359c48d19551fe','2023-12-11','admin','william47@example.net'),
('smithkrista','7e251ea07d59cd5fc9d7d1dc4225104e474b93d6c6881797dfbfa010774d4acb','2023-12-14','admin','johnsonjacob@example.com'),
('scoleman','51031e17ce0a58242bf97f01a2883d077c6dd21f22674ee500dbfb60228851e7','2023-12-13','user','nguyenjessica@example.org'),
('lsutton','3c62426f46ebb414ff53540c6f1af32639c28b434126ae98b9f1651dd5e4fd4a','2023-12-14','user','jason56@example.com'),
('misty62','06599c96e52ff54f21e65cec89df4b96ce519704136d6f7246a56be613eed8fb','2023-12-11','user','morankristen@example.net'),
('brent08','8a110e75a8142ab756babe02160548ed6c254ae3fd931b297aa4edba91065732','2023-12-14','user','audreywoods@example.org'),
('loriharrington','5a583fab00aa1c17acaad80b2b9b5a16a8563e7e66808bf4b4acbfb55d9b85d4','2023-12-12','user','boyddavid@example.org'),
('tanyaramirez','667d45d6d55c4fe6a7239bb554854e3b8fc0b392abea73864e91104bb1b4581d','2023-12-14','user','jessica52@example.com'),
('amber47','44b6dadf9835ff29d5342da14dfaf76e3d828081a1704b131baa355f950e6047','2023-12-14','user','klopez@example.com'),
('andreakline','a06afaf373a81a1bcd1641fdd0f8b9c2c0d7104171abafbd80d11e933a9c6a13','2023-12-11','user','colleen40@example.net'),
('perrychristopher','79db1e22563af60be55a3717827926b76139d2428cbe693eba1643c2798e048d','2023-12-11','user','rivasamy@example.net'),
('pthompson','25ac9b17f8113ceda4e3b18b639ac0c5821fa6cf61e31a4b2cafec4573b89522','2023-12-12','user','donna43@example.org'),
('jeffrey06','efacf97ed63d8d618e5c1f03e2fbd3656ed4c97ba04abf6db791534b425641c2','2023-12-14','user','dustin71@example.com'),
('rebecca97','aaa88f12093ddca8064cdb97bf7635d7cd82c94d264121133f79f24e9b645bf1','2023-12-14','user','kbowers@example.org'),
('kathleen90','55e315face2c7bcfc4b1d43be3a863e3bbb565ad3dafe30a9dd45b51b190be9d','2023-12-13','admin','erinblackburn@example.net'),
('kristin48','2590d18604c282ff195459db33d0ae2caab98b14d4cbfdfd4dc3ed4923bf31b8','2023-12-11','user','heatherrose@example.net'),
('mitchelljenna','70dfb731f9ecfb0c9015b28838281e2a3cde900a791c45532154ddb5a95ed31b','2023-12-14','user','julianedwards@example.org'),
('nathan13','f46c534ea1cb330122334be00303592a10bcbbc238d1b11e1b498d4486d13755','2023-12-12','user','jtaylor@example.net'),
('qflynn','a5276c24114971eceb4d5149894034741bcf22825b30c39942ff63007e031956','2023-12-14','user','daniellebright@example.org'),
('shannonpatel','7137bc5132a11c4937a830c4f594a551b18d0764f66f8478de3db48377f2b611','2023-12-12','user','spencerrivera@example.org'),
('baxterrachel','ca619acdadd8eb0f598c954031b5f359a2fbd4fe0179eb02acfeab2ad373c999','2023-12-11','user','kristopherbutler@example.org'),
('kimberlystephenson','dd76076f40644e9e57f7459bfc37b2ef8b7084bda5a3127c24a62c86dd45eb0b','2023-12-14','user','vaughnjoshua@example.net'),
('steven38','11ee91bdbb90b967d18e45226bd3bc17d72a85a4486315b3568d070722445fe1','2023-12-12','user','tommyferguson@example.com'),
('watsondustin','cfecdf5846f8e8279f4dcf79a2135308e11c0d283175a2fb79b33b76f487cb24','2023-12-13','user','schmidtdavid@example.org'),
('andrewperez','3c0c8e2f0527574ed275f4fc831af606b283370490f9c39c7389fb5d16dd6ac8','2023-12-11','user','amyers@example.org'),
('lawrencemejia','4a2efe616f41f27f583d7e1e628a7b019f2b2603677ae0216d14559eefb83975','2023-12-14','user','ivargas@example.org'),
('melissaparker','1d45a36925bcb8f729f8f06ee0ec689f440cc6b08c3a0573ed12e10104e1e9a0','2023-12-11','user','salinasmegan@example.net'),
('frodriguez','9d57ee06aac896609727855add2cfc3d9c50cd545395974cdee219c91e29fd25','2023-12-14','user','theresa26@example.net'),
('oconnorsue','a4273f882cab7a89e7fa8e5a1298799b62233ada8a93f880f58bbd87db44d6a3','2023-12-13','user','melindaandrews@example.com'),
('bhughes','7f6ceca338f7fe1bb409870c95cbf5009115df953af77a91ef912a11cf6423c7','2023-12-12','user','leeangela@example.com'),
('ashleebaldwin','905026a6ddab21a9d1dca17cc4f47b843eccd1c4806f7f3c59b88cdac12e339f','2023-12-13','user','walkercarolyn@example.net'),
('jessefreeman','3dcc4d43a91ae471be9fb0dfb7e7a44dcbaf8125b389d65d38604ec5582825ec','2023-12-12','user','ubenitez@example.com'),
('myershayley','3fdd6e2fcae488c7c7818992ad08249cd0f6576f6ff846bcecaa816e002cde3c','2023-12-12','user','butleralexandria@example.org'),
('christopherleach','b3f20ff60a6e1eda26f8c412e7173c7ee7f5b3a1124b87a38d3deb63274c1a61','2023-12-14','user','victor60@example.net'),
('wallacejennifer','38ee64c8e2536e41e2543266f6a5216747b24c8b8ada7d5f7cfba8b1e80752fb','2023-12-11','user','wjacobs@example.com'),
('jonathan42','7f5106053c87018f57187a0a485dedacb2ef37f08f05ab2313f23217a9ee928b','2023-12-14','admin','diana83@example.net'),
('claudiajensen','125e175312b42ca54475207f1ad47df9ac421dd758fcc5c2ab19ae31e451cc53','2023-12-12','user','megan43@example.net'),
('sophiabell','ab2f50fe825bc3a9a8b649f173af23be3a052db9b410fcb0127e50ae9c356ba7','2023-12-14','user','newtonrobert@example.org'),
('johnhayes','29bf72f8d89f83e2fca11f01a530b0c39058b8fd0b0563aca173d2c624c71ffb','2023-12-13','user','stacey36@example.org');


INSERT INTO Admin(admin_id,name)
VALUES (3,'Michael Vega'),
(22,'Curtis Rogers'),
(62,'Sarah Davenport'),
(63,'Melissa Lin'),
(76,'Shelby Douglas'),
(97,'Eric Fisher');


INSERT INTO User(user_id,name,age,birthday,parental_mode)
VALUES (1,'Jenna Mckinney',20,'2003-09-22',0),
(2,'Sherri Bradford',22,'2001-04-11',0),
(4,'Michelle Martin',20,'2003-06-08',0),
(5,'Joshua Gutierrez',29,'1994-06-11',0),
(6,'Michael Rivera',20,'2003-12-25',1),
(7,'Gerald Cooper',24,'1999-04-11',1),
(8,'Steven Horne',23,'2000-03-15',1),
(9,'Gary Hernandez',30,'1993-10-27',1),
(10,'Michael Jones',27,'1996-07-13',1),
(11,'Ryan Clark',21,'2002-05-13',1),
(12,'Alexander Baker',30,'1993-10-06',0),
(13,'Lydia Smith',19,'2004-08-07',1),
(14,'Louis Roberts',22,'2001-08-26',1),
(15,'Kelly Jordan',24,'1999-11-21',0),
(16,'Megan Barnes',22,'2001-11-09',0),
(17,'Andrea Brooks',20,'2003-12-18',0),
(18,'Justin Dixon',22,'2001-10-18',0),
(19,'Alexis Nguyen',21,'2002-03-07',0),
(20,'Wendy Valentine',24,'1999-07-29',1),
(21,'Kent Davis',30,'1993-05-25',1),
(23,'Tiffany Adams',26,'1997-06-23',1),
(24,'Meghan Powell',22,'2001-07-02',0),
(25,'Tracy Salinas',27,'1996-07-11',0),
(26,'James Cox',26,'1997-11-06',0),
(27,'Shane Stout',20,'2003-06-19',1),
(28,'Edgar Mercado',21,'2002-03-15',1),
(29,'Jessica Mathis',25,'1998-01-24',0),
(30,'Jennifer Ortega',23,'2000-09-18',1),
(31,'James Walker',30,'1993-01-26',1),
(32,'Elizabeth Lewis',29,'1994-05-12',1),
(33,'Shannon Harris',18,'2005-11-29',0),
(34,'Gerald Sanchez',30,'1993-02-28',0),
(35,'Alicia Buckley',29,'1994-07-05',1),
(36,'Gabriel Morales',24,'1999-05-17',1),
(37,'Margaret Thomas',30,'1993-10-09',1),
(38,'Maria Huff',20,'2003-07-08',0),
(39,'Ariel Guzman',24,'1999-08-13',0),
(40,'Kimberly Smith',26,'1997-05-14',1),
(41,'Michelle Turner',21,'2002-04-08',0),
(42,'Laura Grant',18,'2005-01-31',0),
(43,'Mrs. Laura Miller',25,'1998-05-17',1),
(44,'Christopher Martin',29,'1994-04-02',1),
(45,'April Johnson',22,'2001-05-09',0),
(46,'Stephen Gordon',25,'1998-04-24',1),
(47,'Eric Harper',29,'1994-05-04',1),
(48,'Jay Vargas',23,'2000-07-23',1),
(49,'Debbie Johnson',22,'2001-03-26',1),
(50,'Joseph Snyder',26,'1997-11-06',0),
(51,'Donald Hudson',27,'1996-01-14',1),
(52,'Zachary Davis',30,'1993-07-28',0),
(53,'Kevin Cruz',22,'2001-03-24',1),
(54,'Julie Smith',26,'1997-06-24',1),
(55,'Jeremy Dunn',23,'2000-08-06',1),
(56,'Angela Moore',25,'1998-03-07',1),
(57,'Garrett Green',26,'1997-10-07',1),
(58,'Paul Adams',26,'1997-08-28',0),
(59,'Kathy Wilson',25,'1998-01-31',0),
(60,'Amanda Hutchinson',20,'2003-07-14',0),
(61,'Carrie Lee',24,'1999-02-14',1),
(64,'Lisa Davidson',24,'1999-02-11',0),
(65,'Ronald Harris',22,'2001-07-01',0),
(66,'Ryan Mack',28,'1995-08-19',0),
(67,'Charles Hunter',19,'2004-06-28',0),
(68,'Cody Ward',22,'2001-04-14',0),
(69,'Crystal Cole',22,'2001-06-02',0),
(70,'Jennifer Mason',21,'2002-09-22',1),
(71,'Sabrina Newman',26,'1997-03-03',0),
(72,'William Moss',25,'1998-08-20',1),
(73,'Donald Long',24,'1999-12-25',1),
(74,'Jacqueline Richardson',26,'1997-06-26',0),
(75,'Amber Fleming',24,'1999-09-23',1),
(77,'Alex Johnson',23,'2000-09-04',1),
(78,'Lisa Dorsey',18,'2005-10-07',1),
(79,'Megan Parker',21,'2002-06-21',0),
(80,'Joseph Neal',29,'1994-03-07',1),
(81,'Jasmine Miranda',24,'1999-08-04',1),
(82,'Christie Osborne',26,'1997-09-10',1),
(83,'Raymond Castillo',21,'2002-08-19',0),
(84,'Nicole Collins',27,'1996-03-17',0),
(85,'Heidi Prince',30,'1993-06-06',0),
(86,'Fred Roberts',27,'1996-06-15',1),
(87,'Dr. John Hamilton',24,'1999-02-11',1),
(88,'Amy Jackson',26,'1997-02-16',1),
(89,'Roger Gomez',23,'2000-10-03',1),
(90,'Jorge Tapia',24,'1999-04-06',1),
(91,'Marissa Watts',18,'2005-07-04',0),
(92,'Donna Young',21,'2002-02-23',1),
(93,'Denise Olson MD',20,'2003-01-21',1),
(94,'Troy Howard',20,'2003-05-14',0),
(95,'Larry Reed',26,'1997-04-05',0),
(96,'Chad Meyer',25,'1998-04-17',1),
(98,'Danny Sparks',24,'1999-09-26',0),
(99,'Jessica Hall',19,'2004-12-12',1),
(100,'Harry Washington',24,'1999-07-17',0);


INSERT INTO Subscription_plan (user_id,subscription_id,start_date,expired_date)
VALUES (1,2,'2023-12-14','2024-01-08'),
(2,1,null,null),
(4,3,'2023-12-14','2024-01-07'),
(5,1,null,null),
(6,1,null,null),
(7,1,null,null),
(8,1,null,null),
(9,1,null,null),
(10,1,null,null),
(11,1,null,null),
(12,1,null,null),
(13,1,null,null),
(14,2,'2023-12-14','2024-01-14'),
(15,2,'2023-12-14','2023-12-22'),
(16,3,'2023-12-14','2024-01-07'),
(17,1,null,null),
(18,3,'2023-12-14','2023-12-19'),
(19,1,null,null),
(20,1,null,null),
(21,1,null,null),
(23,1,null,null),
(24,1,null,null),
(25,1,null,null),
(26,1,null,null),
(27,1,null,null),
(28,1,null,null),
(29,1,null,null),
(30,1,null,null),
(31,3,'2023-12-14','2024-01-03'),
(32,1,null,null),
(33,1,null,null),
(34,3,'2023-12-14','2023-12-18'),
(35,1,null,null),
(36,1,null,null),
(37,1,null,null),
(38,1,null,null),
(39,3,'2023-12-14','2024-01-10'),
(40,1,null,null),
(41,1,null,null),
(42,3,'2023-12-14','2024-01-06'),
(43,1,null,null),
(44,1,null,null),
(45,1,null,null),
(46,1,null,null),
(47,2,'2023-12-14','2024-01-08'),
(48,1,null,null),
(49,1,null,null),
(50,1,null,null),
(51,3,'2023-12-14','2024-01-04'),
(52,3,'2023-12-14','2024-01-11'),
(53,1,null,null),
(54,1,null,null),
(55,1,null,null),
(56,1,null,null),
(57,1,null,null),
(58,1,null,null),
(59,3,'2023-12-14','2023-12-24'),
(60,3,'2023-12-14','2023-12-29'),
(61,3,'2023-12-14','2024-01-13'),
(64,1,null,null),
(65,1,null,null),
(66,1,null,null),
(67,1,null,null),
(68,3,'2023-12-14','2024-01-11'),
(69,1,null,null),
(70,1,null,null),
(71,2,'2023-12-14','2023-12-18'),
(72,3,'2023-12-14','2023-12-25'),
(73,3,'2023-12-14','2024-01-11'),
(74,1,null,null),
(75,1,null,null),
(77,1,null,null),
(78,1,null,null),
(79,1,null,null),
(80,1,null,null),
(81,2,'2023-12-14','2024-01-08'),
(82,3,'2023-12-14','2024-01-03'),
(83,1,null,null),
(84,3,'2023-12-14','2024-01-01'),
(85,1,null,null),
(86,1,null,null),
(87,1,null,null),
(88,1,null,null),
(89,1,null,null),
(90,1,null,null),
(91,3,'2023-12-14','2023-12-29'),
(92,1,null,null),
(93,1,null,null),
(94,1,null,null),
(95,1,null,null),
(96,3,'2023-12-14','2024-01-12'),
(98,1,null,null),
(99,3,'2023-12-14','2024-01-01'),
(100,3,'2023-12-14','2024-01-14');


INSERT INTO Bill (content,amount,create_date,user_id)
VALUES ('Subscription Upgrade to Premium',220000.0,'2023-12-15',1),
('Subscription Upgrade to Signature',260000.0,'2023-12-15',4),
('Subscription Upgrade to Premium',220000.0,'2023-12-15',14),
('Subscription Upgrade to Premium',220000.0,'2023-12-15',15),
('Subscription Upgrade to Signature',260000.0,'2023-12-15',16),
('Subscription Upgrade to Signature',260000.0,'2023-12-15',18),
('Subscription Upgrade to Signature',260000.0,'2023-12-15',31),
('Subscription Upgrade to Signature',260000.0,'2023-12-15',34),
('Subscription Upgrade to Signature',260000.0,'2023-12-15',39),
('Subscription Upgrade to Signature',260000.0,'2023-12-15',42),
('Subscription Upgrade to Premium',220000.0,'2023-12-15',47),
('Subscription Upgrade to Signature',260000.0,'2023-12-15',51),
('Subscription Upgrade to Signature',260000.0,'2023-12-15',52),
('Subscription Upgrade to Signature',260000.0,'2023-12-15',59),
('Subscription Upgrade to Signature',260000.0,'2023-12-15',60),
('Subscription Upgrade to Signature',260000.0,'2023-12-15',61),
('Subscription Upgrade to Signature',260000.0,'2023-12-15',68),
('Subscription Upgrade to Premium',220000.0,'2023-12-15',71),
('Subscription Upgrade to Signature',260000.0,'2023-12-15',72),
('Subscription Upgrade to Signature',260000.0,'2023-12-15',73),
('Subscription Upgrade to Premium',220000.0,'2023-12-15',81),
('Subscription Upgrade to Signature',260000.0,'2023-12-15',82),
('Subscription Upgrade to Signature',260000.0,'2023-12-15',84),
('Subscription Upgrade to Signature',260000.0,'2023-12-15',91),
('Subscription Upgrade to Signature',260000.0,'2023-12-15',96),
('Subscription Upgrade to Signature',260000.0,'2023-12-15',99),
('Subscription Upgrade to Signature',260000.0,'2023-12-15',100);


INSERT INTO credit_card (card_number,cvv,valid_thru,user_id,card_provider)
VALUES ('6250380509774212','700','06/30',1,'American Express'),
('6116647508618354','702','10/30',4,'Diners Club / Carte Blanche'),
('6466615109076900','246','07/25',14,'Diners Club / Carte Blanche'),
('6826874932877617','917','05/27',15,'Discover'),
('6269117081689408','924','08/28',16,'Discover'),
('6670906638435169','394','11/32',18,'American Express'),
('6664042451252820','359','08/29',31,'Discover'),
('6430059572890379','362','11/29',34,'Discover'),
('6152852894930795','085','12/25',39,'American Express'),
('6254241957172972','174','05/32',42,'American Express'),
('6686875278599019','482','03/25',47,'Mastercard'),
('6680579311779015','722','08/29',51,'Mastercard'),
('6168880160288143','773','01/31',52,'Maestro'),
('6670538468626292','883','03/28',59,'Maestro'),
('6081969925914123','222','01/30',60,'Maestro'),
('6220834320656732','244','12/24',61,'Mastercard'),
('6296571299516057','304','02/33',68,'Discover'),
('6802658178062612','227','10/27',71,'Maestro'),
('6555911765235500','481','09/29',72,'American Express'),
('6613127840283811','214','09/24',73,'American Express'),
('6956720701288362','319','12/26',81,'Mastercard'),
('6906553637706188','922','02/33',82,'Maestro'),
('6621154748150880','772','04/24',84,'Discover'),
('6651813719133613','646','09/29',91,'Maestro'),
('6766784520903309','710','06/32',96,'Discover'),
('6260105489200160','022','06/31',99,'Maestro'),
('6192627330011260','935','11/24',100,'Maestro');


INSERT INTO WatchHistory (`user`,movie,time_stamp)
VALUES (2,36,'2023-12-26 07:40:37'),
(60,22,'2023-12-23 07:12:56'),
(60,16,'2023-12-18 04:21:15'),
(42,39,'2023-12-25 16:39:21'),
(42,21,'2023-12-19 12:00:26'),
(42,2,'2023-12-19 22:52:36'),
(6,30,'2023-12-24 02:32:18'),
(6,32,'2023-12-23 00:27:38'),
(6,38,'2023-12-25 15:21:18'),
(6,29,'2023-12-17 02:01:44'),
(68,28,'2023-12-23 22:14:44'),
(68,7,'2023-12-23 05:06:03'),
(68,32,'2023-12-21 10:48:45'),
(68,40,'2023-12-24 20:51:28'),
(15,8,'2023-12-26 18:09:31'),
(92,10,'2023-12-21 10:57:40'),
(92,21,'2023-12-25 03:25:29'),
(92,11,'2023-12-18 23:21:37'),
(92,11,'2023-12-20 19:26:42'),
(14,32,'2023-12-21 15:26:32'),
(14,6,'2023-12-20 23:27:37'),
(70,8,'2023-12-18 14:45:08'),
(91,6,'2023-12-18 11:48:21'),
(91,19,'2023-12-20 21:40:28'),
(91,33,'2023-12-18 01:54:16'),
(91,1,'2023-12-20 00:12:28'),
(1,9,'2023-12-26 17:11:28'),
(1,27,'2023-12-26 04:24:06'),
(9,25,'2023-12-20 06:38:55'),
(9,38,'2023-12-23 19:04:23'),
(9,17,'2023-12-17 04:20:00'),
(9,28,'2023-12-17 16:15:21'),
(9,34,'2023-12-22 08:36:23'),
(93,20,'2023-12-26 03:20:56'),
(93,29,'2023-12-17 22:58:24'),
(93,9,'2023-12-22 01:45:04'),
(93,29,'2023-12-21 00:34:53'),
(28,17,'2023-12-17 19:37:44'),
(28,30,'2023-12-18 15:03:51'),
(29,14,'2023-12-22 12:03:05'),
(29,1,'2023-12-17 01:38:46'),
(29,26,'2023-12-17 06:52:11'),
(96,7,'2023-12-21 05:10:09'),
(96,28,'2023-12-17 15:05:12'),
(47,23,'2023-12-22 21:40:36'),
(47,22,'2023-12-18 21:20:35'),
(47,15,'2023-12-24 10:55:31'),
(47,40,'2023-12-25 12:40:53'),
(47,34,'2023-12-20 04:58:50'),
(43,36,'2023-12-25 00:52:38'),
(17,29,'2023-12-19 06:10:51'),
(81,1,'2023-12-20 04:29:39'),
(81,33,'2023-12-20 10:06:18'),
(81,40,'2023-12-19 03:40:50'),
(81,32,'2023-12-22 18:57:55'),
(81,22,'2023-12-25 16:08:05'),
(61,8,'2023-12-20 08:25:57'),
(61,12,'2023-12-17 17:54:19'),
(61,30,'2023-12-20 08:00:51'),
(61,18,'2023-12-17 22:51:23'),
(61,2,'2023-12-17 20:08:34'),
(69,9,'2023-12-23 00:58:52'),
(69,3,'2023-12-18 02:20:03'),
(69,16,'2023-12-24 05:47:10'),
(69,20,'2023-12-20 04:18:50'),
(69,27,'2023-12-17 18:18:28'),
(10,13,'2023-12-23 12:51:30'),
(10,6,'2023-12-20 20:26:32'),
(10,1,'2023-12-25 01:48:52'),
(40,17,'2023-12-24 07:58:18'),
(40,22,'2023-12-19 16:03:00'),
(40,33,'2023-12-25 13:38:13'),
(40,19,'2023-12-20 10:37:29'),
(40,32,'2023-12-25 00:06:27'),
(46,8,'2023-12-17 12:26:19'),
(37,32,'2023-12-20 20:26:53'),
(37,3,'2023-12-23 23:02:36'),
(64,39,'2023-12-24 17:32:32'),
(64,38,'2023-12-20 19:18:08'),
(67,33,'2023-12-24 13:02:49'),
(84,26,'2023-12-18 16:24:36'),
(84,36,'2023-12-17 05:22:07'),
(84,38,'2023-12-23 08:52:43'),
(78,13,'2023-12-20 10:29:54'),
(78,24,'2023-12-25 07:56:50'),
(78,18,'2023-12-20 01:10:06'),
(78,23,'2023-12-20 20:18:48'),
(18,28,'2023-12-20 05:07:24'),
(18,11,'2023-12-21 20:26:41'),
(18,19,'2023-12-21 23:40:35'),
(18,30,'2023-12-26 05:01:07'),
(18,4,'2023-12-20 11:57:29'),
(80,29,'2023-12-25 07:40:30'),
(80,19,'2023-12-25 10:01:30'),
(31,36,'2023-12-24 03:04:51'),
(31,28,'2023-12-17 12:24:55'),
(31,41,'2023-12-17 01:03:19'),
(31,17,'2023-12-24 20:23:37'),
(31,2,'2023-12-17 21:44:12'),
(55,10,'2023-12-17 11:29:19'),
(55,31,'2023-12-16 20:22:39'),
(55,9,'2023-12-21 06:04:06'),
(88,18,'2023-12-23 03:11:43'),
(88,11,'2023-12-21 19:13:30'),
(88,20,'2023-12-22 16:52:40'),
(88,6,'2023-12-26 00:42:25'),
(73,29,'2023-12-25 05:08:12'),
(56,20,'2023-12-26 05:46:18'),
(56,31,'2023-12-23 20:16:22'),
(5,14,'2023-12-21 21:56:15'),
(5,36,'2023-12-25 14:08:34'),
(85,37,'2023-12-26 11:13:53'),
(77,1,'2023-12-22 11:55:38'),
(77,19,'2023-12-20 16:33:50'),
(77,5,'2023-12-20 18:51:38'),
(77,15,'2023-12-24 07:35:49'),
(77,8,'2023-12-24 02:35:13'),
(23,31,'2023-12-25 21:48:23'),
(23,29,'2023-12-18 07:46:54'),
(23,13,'2023-12-18 15:19:48'),
(23,10,'2023-12-23 15:49:50'),
(11,41,'2023-12-23 05:55:51'),
(39,31,'2023-12-19 21:24:59'),
(34,34,'2023-12-24 22:53:28'),
(34,7,'2023-12-22 01:33:15'),
(16,19,'2023-12-17 13:40:26'),
(16,25,'2023-12-20 13:58:30'),
(44,24,'2023-12-23 10:39:28'),
(44,5,'2023-12-18 11:39:23'),
(44,35,'2023-12-23 13:45:28'),
(41,23,'2023-12-24 14:00:20'),
(41,17,'2023-12-17 17:04:46'),
(41,17,'2023-12-19 14:46:27'),
(41,5,'2023-12-26 16:26:47'),
(41,30,'2023-12-24 00:15:31'),
(21,6,'2023-12-23 11:54:11'),
(21,29,'2023-12-18 04:51:16'),
(21,40,'2023-12-25 05:31:42'),
(21,35,'2023-12-21 05:29:59'),
(13,24,'2023-12-19 20:59:33'),
(13,15,'2023-12-21 01:41:23'),
(100,23,'2023-12-26 05:51:00'),
(58,29,'2023-12-24 17:42:11'),
(58,31,'2023-12-17 21:01:46'),
(58,3,'2023-12-19 01:10:50'),
(58,35,'2023-12-22 18:27:42'),
(33,39,'2023-12-20 21:17:42'),
(90,19,'2023-12-20 07:22:54'),
(90,29,'2023-12-26 08:42:41'),
(90,2,'2023-12-21 18:24:01'),
(90,23,'2023-12-22 10:05:59'),
(38,30,'2023-12-20 03:57:57'),
(38,33,'2023-12-19 12:23:01'),
(38,28,'2023-12-26 18:15:31'),
(38,24,'2023-12-21 05:26:55'),
(4,11,'2023-12-21 15:59:51'),
(4,11,'2023-12-22 17:41:51'),
(4,13,'2023-12-26 03:29:28'),
(4,17,'2023-12-21 17:44:29'),
(4,27,'2023-12-20 23:16:54'),
(86,40,'2023-12-19 13:43:01'),
(86,10,'2023-12-17 10:48:30'),
(86,23,'2023-12-23 18:19:57'),
(86,32,'2023-12-23 18:26:23'),
(86,16,'2023-12-23 19:43:36'),
(7,23,'2023-12-21 09:21:59'),
(7,5,'2023-12-24 13:49:42'),
(83,31,'2023-12-26 00:13:51'),
(83,20,'2023-12-22 21:29:32'),
(94,30,'2023-12-20 11:29:43'),
(94,35,'2023-12-19 12:54:39'),
(50,25,'2023-12-22 20:16:06'),
(50,8,'2023-12-20 08:19:51'),
(50,18,'2023-12-21 00:21:06'),
(19,17,'2023-12-16 20:56:47'),
(19,22,'2023-12-19 15:44:17'),
(19,27,'2023-12-22 04:50:43'),
(19,7,'2023-12-19 00:23:35'),
(95,31,'2023-12-18 02:25:33'),
(95,40,'2023-12-19 20:29:09'),
(25,7,'2023-12-25 10:41:05'),
(25,22,'2023-12-26 12:34:38'),
(25,18,'2023-12-25 12:48:29'),
(25,21,'2023-12-22 03:11:55'),
(72,1,'2023-12-19 14:49:16'),
(72,26,'2023-12-24 17:59:23'),
(72,6,'2023-12-17 06:17:20'),
(72,12,'2023-12-20 06:37:08'),
(72,31,'2023-12-26 12:25:11'),
(52,30,'2023-12-17 22:13:41'),
(52,36,'2023-12-23 20:42:18'),
(52,24,'2023-12-24 08:31:25'),
(53,11,'2023-12-17 06:55:05'),
(53,23,'2023-12-21 12:24:22'),
(48,22,'2023-12-20 16:27:47'),
(59,31,'2023-12-21 18:57:23'),
(59,18,'2023-12-24 12:22:46'),
(59,3,'2023-12-19 16:04:03'),
(59,36,'2023-12-23 10:27:28'),
(71,13,'2023-12-21 01:45:23'),
(71,7,'2023-12-18 11:33:08'),
(71,20,'2023-12-25 11:40:58'),
(71,41,'2023-12-19 07:14:21'),
(51,22,'2023-12-21 11:47:50'),
(51,35,'2023-12-22 22:44:02'),
(51,1,'2023-12-17 23:05:11'),
(36,24,'2023-12-25 04:22:26'),
(49,13,'2023-12-22 22:17:34'),
(45,21,'2023-12-22 02:14:51'),
(45,32,'2023-12-23 04:04:20'),
(45,37,'2023-12-23 01:55:14'),
(74,28,'2023-12-21 09:05:37'),
(74,25,'2023-12-19 13:49:02'),
(74,3,'2023-12-18 14:06:45'),
(74,24,'2023-12-19 17:09:56'),
(12,38,'2023-12-19 15:33:37'),
(12,17,'2023-12-18 06:01:15'),
(12,5,'2023-12-20 22:47:46'),
(12,6,'2023-12-19 03:34:33'),
(12,40,'2023-12-22 17:10:19'),
(65,41,'2023-12-21 13:37:06'),
(65,1,'2023-12-18 18:36:27'),
(65,32,'2023-12-25 22:30:05'),
(65,18,'2023-12-21 13:41:37'),
(35,12,'2023-12-24 13:08:09'),
(35,9,'2023-12-22 00:12:27'),
(20,13,'2023-12-22 16:18:01'),
(20,30,'2023-12-22 00:44:03'),
(20,5,'2023-12-17 03:12:07'),
(99,25,'2023-12-19 04:58:52'),
(98,22,'2023-12-23 07:48:46'),
(98,27,'2023-12-20 17:45:42'),
(98,30,'2023-12-21 10:11:48'),
(98,23,'2023-12-26 15:11:40'),
(98,12,'2023-12-18 07:53:47'),
(66,36,'2023-12-20 21:24:27'),
(66,20,'2023-12-17 10:36:12'),
(75,39,'2023-12-18 04:28:22'),
(79,21,'2023-12-22 23:20:26'),
(32,24,'2023-12-26 18:47:48'),
(57,26,'2023-12-25 09:34:16'),
(57,38,'2023-12-20 10:26:59'),
(57,2,'2023-12-23 12:18:32'),
(24,31,'2023-12-21 14:47:58'),
(24,28,'2023-12-25 06:49:44'),
(87,12,'2023-12-17 14:39:01'),
(87,36,'2023-12-23 07:24:56'),
(8,40,'2023-12-19 09:12:06'),
(8,17,'2023-12-22 17:43:11'),
(8,24,'2023-12-17 02:32:03'),
(8,33,'2023-12-20 05:15:28'),
(8,14,'2023-12-18 22:01:03'),
(82,2,'2023-12-26 02:50:20'),
(82,27,'2023-12-24 18:46:57'),
(82,16,'2023-12-18 01:04:23');


INSERT INTO `Comment` (`user`,movie,time_stamp,content)
VALUES (2,36,'2023-12-26 07:40:37',"Him economy field. Argue seek song teacher pretty growth statement."),
(60,22,'2023-12-23 07:12:56',"Avoid finally compare next fill medical protect. Job away environment each development beat."),
(60,16,'2023-12-18 04:21:15',"But source song. Very after though then president present. Start course analysis letter debate pay interesting. State suggest it."),
(42,39,'2023-12-25 16:39:21',"Table for challenge past yeah card mouth. Give region course. Bed whole card answer not."),
(42,21,'2023-12-19 12:00:26',"Teach true treatment baby science positive professor the. Financial different that choose act follow. Choose call finish two can station room."),
(42,2,'2023-12-19 22:52:36',"Number indicate shoulder talk Mr difference. Wear last choose these."),
(6,30,'2023-12-24 02:32:18',"Case image color weight. Yard trouble order go man company. Traditional product item north carry any base chance."),
(6,32,'2023-12-23 00:27:38',"None scene risk them name trial assume. Treatment experience significant most now include. Debate current describe population."),
(6,38,'2023-12-25 15:21:18',"Man general rest tell whom."),
(6,29,'2023-12-17 02:01:44',"Team drive rich increase. Attorney base type condition manager action research mission. Ok she red rest several group."),
(68,28,'2023-12-23 22:14:44',"Miss reflect much various. Level result part no reduce administration get."),
(68,7,'2023-12-23 05:06:03',"Particular will any condition. Fire analysis moment there event. Determine generation six back fall current."),
(68,32,'2023-12-21 10:48:45',"Set customer simply wait take so. Ready thing bill democratic create billion against arrive. Experience sport determine movie goal."),
(68,40,'2023-12-24 20:51:28',"Simple behavior material late fact give. Politics never certainly."),
(15,8,'2023-12-26 18:09:31',"Radio eight benefit vote draw. She agreement much sport certain table parent. Reason impact line various white bed."),
(92,10,'2023-12-21 10:57:40',"Tough true tend six environment."),
(92,21,'2023-12-25 03:25:29',"Official bank wind hope bill entire decision. Clearly lose scientist market theory responsibility. Certain interview assume miss."),
(92,11,'2023-12-18 23:21:37',"Mr imagine so either factor. Growth suffer where soon itself court."),
(92,11,'2023-12-20 19:26:42',"Happen someone over pay main month life avoid. Heavy realize fire word along move someone."),
(14,32,'2023-12-21 15:26:32',"Scientist wide hotel either base. Foreign have yard too."),
(14,6,'2023-12-20 23:27:37',"Audience could up receive enter former huge. Early matter same mention understand mention."),
(70,8,'2023-12-18 14:45:08',"Whether easy my TV month southern."),
(91,6,'2023-12-18 11:48:21',"As knowledge evidence without then. Market business small save. Star more hope suffer walk paper worry."),
(91,19,'2023-12-20 21:40:28',"Behind may rather question where particular right pass. For TV system live. Blue sing hour third happy above."),
(91,33,'2023-12-18 01:54:16',"Age right pressure administration wear attack property. Five begin there policy friend. Station turn wife notice exactly letter."),
(91,1,'2023-12-20 00:12:28',"Walk pretty Congress tree organization maintain. Him trade measure fall no bad."),
(1,9,'2023-12-26 17:11:28',"Your physical space fire free today expert. Without kid small us assume real ask television."),
(1,27,'2023-12-26 04:24:06',"Cover small campaign federal. East high like politics old agree. Statement leader wrong find issue tax method positive."),
(9,25,'2023-12-20 06:38:55',"Less these pressure character their nation do gas. Positive argue role most buy attorney. Piece however either difficult she remain act."),
(9,38,'2023-12-23 19:04:23',"Peace hundred century concern task. Professor same than bring professor."),
(9,17,'2023-12-17 04:20:00',"City yard election. Address city table decide indeed scientist. Computer throughout everything."),
(9,28,'2023-12-17 16:15:21',"Better six charge stage wall budget. Administration type new continue all."),
(9,34,'2023-12-22 08:36:23',"Significant hospital sound present style information. Field something bar process myself them. While play camera sure week those. Model course store build far kind capital."),
(93,20,'2023-12-26 03:20:56',"True important teacher bank increase."),
(93,29,'2023-12-17 22:58:24',"Really attorney seat radio room authority. Imagine type my condition opportunity indeed. Tough hear decide success her owner."),
(93,9,'2023-12-22 01:45:04',"Choice ahead science else think. Feeling once yes reduce somebody still growth. Wall reduce network key agreement her."),
(93,29,'2023-12-21 00:34:53',"Any religious result six keep alone. Pm fly budget."),
(28,17,'2023-12-17 19:37:44',"Face camera town tree feel country outside. You financial perform analysis effort word. Bar often central exactly."),
(28,30,'2023-12-18 15:03:51',"Result before if option outside company machine. Politics method debate throughout determine social. Yeah blue issue enjoy mean."),
(29,14,'2023-12-22 12:03:05',"Itself range whose. Here successful move another include street Mrs."),
(29,1,'2023-12-17 01:38:46',"Support value Republican me easy there. Language still top name stand. Piece after receive church ok."),
(29,26,'2023-12-17 06:52:11',"Situation view consider remember lot. Hot nation other such sing system a husband. Peace author time term likely special indicate."),
(96,7,'2023-12-21 05:10:09',"Civil ago table quality as majority way. View also common me."),
(96,28,'2023-12-17 15:05:12',"There spend dream wish left fact hard. Front development film."),
(47,23,'2023-12-22 21:40:36',"Worker government million involve smile data. Mother attack among about. Front budget among exactly matter peace society college."),
(47,22,'2023-12-18 21:20:35',"Side oil watch whether participant. Success light clearly ball attention small sea. Group condition he personal claim eight media."),
(47,15,'2023-12-24 10:55:31',"Idea bank material. Pull general likely source radio easy."),
(47,40,'2023-12-25 12:40:53',"Generation plan support budget among hard. Indicate the people tough tree. Resource want top education look."),
(47,34,'2023-12-20 04:58:50',"Dark line each medical reality ten."),
(43,36,'2023-12-25 00:52:38',"Teach past who national rule read sure. Often station society past."),
(17,29,'2023-12-19 06:10:51',"I key tax. Garden your theory defense yard attorney. Charge pattern condition blue."),
(81,1,'2023-12-20 04:29:39',"Put the middle evidence lead. Area because hear recently trip benefit."),
(81,33,'2023-12-20 10:06:18',"Boy reason value lose quite full standard. View film kitchen."),
(81,40,'2023-12-19 03:40:50',"Also there remember street. Owner citizen when foreign."),
(81,32,'2023-12-22 18:57:55',"Home have I should his. Effort produce animal prevent. Safe week wait everyone. Point nice medical so professional floor."),
(81,22,'2023-12-25 16:08:05',"School baby instead customer. Month explain analysis rate career. When you seat level."),
(61,8,'2023-12-20 08:25:57',"Must industry ground event thousand. Government coach organization change able."),
(61,12,'2023-12-17 17:54:19',"That I only collection again may. Provide idea respond discussion concern treatment. Everybody under national Mrs."),
(61,30,'2023-12-20 08:00:51',"Ready one water week much year painting. None alone billion share. Finally artist service in source TV."),
(61,18,'2023-12-17 22:51:23',"Western result might see simple. Important glass wall last street clear."),
(61,2,'2023-12-17 20:08:34',"Young remember current lose. Tax plan director film."),
(69,9,'2023-12-23 00:58:52',"Hair yard professor must event later eye. Main mention show forget way skill her. After million system."),
(69,3,'2023-12-18 02:20:03',"Sea area wrong over. Light despite big task wish box."),
(69,16,'2023-12-24 05:47:10',"Section sing evidence growth. Win miss fire thus."),
(69,20,'2023-12-20 04:18:50',"Near office feel nearly might. Network while during impact well space. Attention who say which shoulder at."),
(69,27,'2023-12-17 18:18:28',"Rule occur upon. Agree for necessary determine hope audience want. Near site remain war get system outside machine."),
(10,13,'2023-12-23 12:51:30',"Citizen board quality cold or dog hotel. Low bag answer change protect including. Near today and design."),
(10,6,'2023-12-20 20:26:32',"Direction her often involve own."),
(10,1,'2023-12-25 01:48:52',"Bill director instead suffer. World decade hair when. Night office computer method arm this."),
(40,17,'2023-12-24 07:58:18',"Hold measure huge process. Find dog nation speech mission son about."),
(40,22,'2023-12-19 16:03:00',"Trip without consider professor speak. Success nice leg hotel. Kitchen address before participant continue."),
(40,33,'2023-12-25 13:38:13',"Discover painting benefit take character. Appear increase son statement miss."),
(40,19,'2023-12-20 10:37:29',"Reality perhaps mother land after newspaper. Thus may thus appear woman first. Growth late decade against."),
(40,32,'2023-12-25 00:06:27',"Space same grow animal again. Defense tax six not imagine bad church."),
(46,8,'2023-12-17 12:26:19',"See tend similar population option. Case space during church husband history discuss. First finally attention game main."),
(37,32,'2023-12-20 20:26:53',"High thing cover condition difficult then. Leave official month improve tough game. Road fall up explain second course."),
(37,3,'2023-12-23 23:02:36',"Since together catch position. Together after issue plant guy thousand ask sound."),
(64,39,'2023-12-24 17:32:32',"Good similar pull major possible board future. Guy financial get. Suddenly dog another house."),
(64,38,'2023-12-20 19:18:08',"Knowledge piece get parent. Best cost most recently. Write bad edge big go edge but."),
(67,33,'2023-12-24 13:02:49',"Situation tree business economic. Goal majority bit beautiful population religious space."),
(84,26,'2023-12-18 16:24:36',"Tend report college there our television change international. Edge health true day couple big benefit. Hear save part within ten cultural admit Republican."),
(84,36,'2023-12-17 05:22:07',"Message sound gun key game everything front carry."),
(84,38,'2023-12-23 08:52:43',"Agreement almost join then somebody exist. Ago risk pass again thing."),
(78,13,'2023-12-20 10:29:54',"Condition friend price war instead than top. Television must head agree letter better decide. Radio or miss require most best."),
(78,24,'2023-12-25 07:56:50',"Memory difference push. Lay involve although mission dinner."),
(78,18,'2023-12-20 01:10:06',"Among send sign goal. Full score catch court floor step various."),
(78,23,'2023-12-20 20:18:48',"Yard baby skin office remain trouble heart. History either a. Cup democratic them alone leg."),
(18,28,'2023-12-20 05:07:24',"Organization develop throw resource say mention. Gun away partner simple investment air herself."),
(18,11,'2023-12-21 20:26:41',"To nature boy when while city. Pay interview security bring."),
(18,19,'2023-12-21 23:40:35',"Strong condition have. Strategy research full could business particularly seven western."),
(18,30,'2023-12-26 05:01:07',"Congress hand we none alone executive staff. Provide then after computer decision."),
(18,4,'2023-12-20 11:57:29',"Debate site article imagine media social. Theory leader health strategy between deal. Authority player station others network."),
(80,29,'2023-12-25 07:40:30',"Rest marriage day executive high home. Democratic decision pay do out job final."),
(80,19,'2023-12-25 10:01:30',"Site amount small general single hundred hope. Cause specific put record."),
(31,36,'2023-12-24 03:04:51',"After agent factor grow. Red campaign follow chance job."),
(31,28,'2023-12-17 12:24:55',"Position good eye matter member. Majority current site economic would."),
(31,41,'2023-12-17 01:03:19',"Other not industry say man development. Mind get commercial street. Garden effect just common under all soldier."),
(31,17,'2023-12-24 20:23:37',"Expect admit compare resource difficult we beautiful. Interesting later choose couple figure heavy."),
(31,2,'2023-12-17 21:44:12',"Imagine hope specific should action region action. Center hope successful man plant ready. Listen here end watch when something within."),
(55,10,'2023-12-17 11:29:19',"Field system almost large. Goal film less exactly why choice serve. Free knowledge give yeah."),
(55,31,'2023-12-16 20:22:39',"Morning represent production artist challenge term what. Major prove house degree. Anyone PM tonight fish section west improve laugh."),
(55,9,'2023-12-21 06:04:06',"Determine impact PM. Range what record travel discuss wall day would. Front billion region should week."),
(88,18,'2023-12-23 03:11:43',"Alone scene reduce trade once later rule. Big test year wide huge area tough space."),
(88,11,'2023-12-21 19:13:30',"Wife strategy account drop especially source just. Indeed old serious rock eight sister. Ball bank seem."),
(88,20,'2023-12-22 16:52:40',"Laugh know time executive reduce local also window. Fight sister to."),
(88,6,'2023-12-26 00:42:25',"This effort put. Forward dog child. Space cost fly color student. Say spring near hit lose."),
(73,29,'2023-12-25 05:08:12',"Organization look industry center. Civil worry major history wrong activity door."),
(56,20,'2023-12-26 05:46:18',"Share appear draw draw. Hand rich west friend street."),
(56,31,'2023-12-23 20:16:22',"Value forward majority just. Above pattern however half."),
(5,14,'2023-12-21 21:56:15',"Baby newspaper brother common pretty early light. Without exactly election nothing."),
(5,36,'2023-12-25 14:08:34',"Director machine future factor tend conference floor. Great spring hit leave feeling."),
(85,37,'2023-12-26 11:13:53',"If general board direction upon."),
(77,1,'2023-12-22 11:55:38',"City cut recent east respond. We question plant will. Cost national school must throw hold."),
(77,19,'2023-12-20 16:33:50',"Subject figure former conference choose medical key. Administration image toward air. Sense evidence note exactly."),
(77,5,'2023-12-20 18:51:38',"Hit operation middle bill better. Cup another attack recognize appear. Would answer within none."),
(77,15,'2023-12-24 07:35:49',"White manager public forget report act. Land quite worker executive culture nature. Population artist old save trade nearly. News operation well safe."),
(77,8,'2023-12-24 02:35:13',"Score those as statement together ask. Series upon us production will. Particularly health meeting where."),
(23,31,'2023-12-25 21:48:23',"Together break yeah someone. Recognize evidence behind past. Level but dinner thing home store information."),
(23,29,'2023-12-18 07:46:54',"Trade audience look enter event. Civil your happy. Lay again boy section summer relationship."),
(23,13,'2023-12-18 15:19:48',"Smile purpose financial him. Alone discussion my house test."),
(23,10,'2023-12-23 15:49:50',"Civil model perhaps consumer television. Me special position spring. General several design west mouth analysis natural price."),
(11,41,'2023-12-23 05:55:51',"Serious section chance huge which account smile plant. Simply such national. Nearly send people top you lead. Simple floor stage dinner."),
(39,31,'2023-12-19 21:24:59',"Alone artist five understand nearly central. Three between live more gas."),
(34,34,'2023-12-24 22:53:28',"View staff attack choose career. Ground fact which tend. Total through product likely small."),
(34,7,'2023-12-22 01:33:15',"Discover choose parent everybody conference. Financial officer policy quality turn. Of blood loss person."),
(16,19,'2023-12-17 13:40:26',"Capital politics common tend method success. Local building true clear."),
(16,25,'2023-12-20 13:58:30',"Baby third admit thousand. Today material chance camera that couple."),
(44,24,'2023-12-23 10:39:28',"Rise like thus year treatment several condition. Safe process laugh. Teach both social would finally spend sign."),
(44,5,'2023-12-18 11:39:23',"Budget field drug expect color bed say house. Base Republican development green image special reduce. Among drug whose imagine argue close seat."),
(44,35,'2023-12-23 13:45:28',"Apply friend remember per leg nature work. Shoulder ground about general. General behind level know."),
(41,23,'2023-12-24 14:00:20',"Church peace cold on when. Finish nearly door head."),
(41,17,'2023-12-17 17:04:46',"Open population recently black office history. Lose attack rest foot door explain. Hit reach law size."),
(41,17,'2023-12-19 14:46:27',"Number budget paper performance bring about responsibility. Story discover big financial building."),
(41,5,'2023-12-26 16:26:47',"Music strong name no since. Might build father outside employee. Himself past current close station yet break."),
(41,30,'2023-12-24 00:15:31',"Number our religious possible themselves produce majority. Protect skin certain major although loss."),
(21,6,'2023-12-23 11:54:11',"Center middle office spend."),
(21,29,'2023-12-18 04:51:16',"Owner Mr wall paper."),
(21,40,'2023-12-25 05:31:42',"Prepare Mrs federal key. Say six relationship plan go travel. Call reveal receive sound arm rather specific evidence."),
(21,35,'2023-12-21 05:29:59',"Hotel public election miss article."),
(13,24,'2023-12-19 20:59:33',"Easy wonder case recognize. Nation reality while remain."),
(13,15,'2023-12-21 01:41:23',"Clearly spring understand spend store. City during identify other those son."),
(100,23,'2023-12-26 05:51:00',"Cup type base ahead along behavior service."),
(58,29,'2023-12-24 17:42:11',"Manager think stay heavy. Thought happen anything man reveal hotel. Recognize return election leg actually himself."),
(58,31,'2023-12-17 21:01:46',"Into theory fly wind pay. Economic ability between."),
(58,3,'2023-12-19 01:10:50',"Life everything site herself director seat range world. Majority hard forward build."),
(58,35,'2023-12-22 18:27:42',"Official floor focus board worker occur later. Or agreement because area rest election security."),
(33,39,'2023-12-20 21:17:42',"Energy nature television make service within. You sport so federal alone resource."),
(90,19,'2023-12-20 07:22:54',"Language analysis reduce team painting leave. Well include resource together work serve Mr. Wife risk although girl possible. Pattern tell positive keep TV."),
(90,29,'2023-12-26 08:42:41',"Get second in those responsibility. Detail truth easy notice set four wrong up. Create weight increase page we."),
(90,2,'2023-12-21 18:24:01',"Source trial bill own skill might. Move attorney news enjoy easy. Lot front finish executive break out."),
(90,23,'2023-12-22 10:05:59',"Can charge during front understand boy. May as very challenge."),
(38,30,'2023-12-20 03:57:57',"Project pattern well effect. Weight key fire individual but right matter. Majority attorney goal discussion success political."),
(38,33,'2023-12-19 12:23:01',"Sit yet challenge could where. Anything his deep most on environmental lead."),
(38,28,'2023-12-26 18:15:31',"Need the garden discover. True professional such decision bill arrive. Interesting free hear join."),
(38,24,'2023-12-21 05:26:55',"Life hear fact toward. She end want whole chance simply action. There born be follow."),
(4,11,'2023-12-21 15:59:51',"Between record economic find pick. Four deal page free where. Once Republican assume trip full bag again."),
(4,11,'2023-12-22 17:41:51',"Draw player claim. Point couple recently account."),
(4,13,'2023-12-26 03:29:28',"Arrive much reach time week win. Simple easy eight lawyer police above couple use. Father concern why data despite bring find."),
(4,17,'2023-12-21 17:44:29',"Candidate your career my myself learn. May threat up election process. Year feel effort enter short police every."),
(4,27,'2023-12-20 23:16:54',"Single only necessary. Name wear indicate success PM."),
(86,40,'2023-12-19 13:43:01',"Resource that attention factor fire consider water act. Of natural author begin sure six."),
(86,10,'2023-12-17 10:48:30',"Perform know sell student sort message plant."),
(86,23,'2023-12-23 18:19:57',"Pm degree very school."),
(86,32,'2023-12-23 18:26:23',"Bring old newspaper discuss stand institution show. Parent time cause huge budget environmental bank. Hair commercial federal fine tonight through the suffer."),
(86,16,'2023-12-23 19:43:36',"Mind age TV support study type. Station seem model area technology middle along whether. Example evidence evening operation."),
(7,23,'2023-12-21 09:21:59',"Yourself course face rather place. Always billion cold all cell either."),
(7,5,'2023-12-24 13:49:42',"Appear look move clearly campaign boy bring. Determine few whom consider character image foreign difference. Food southern those about."),
(83,31,'2023-12-26 00:13:51',"Evening matter election sometimes big. Support blood travel notice thank. Continue choose around."),
(83,20,'2023-12-22 21:29:32',"Son might low series. Wife debate student ability free pass hit. Scientist you usually deep sea speech."),
(94,30,'2023-12-20 11:29:43',"Him organization animal bed more artist. Skill whom body street determine laugh. Road say could end early administration reflect."),
(94,35,'2023-12-19 12:54:39',"Standard school source how level center radio. Thus care market. Series budget really field suffer."),
(50,25,'2023-12-22 20:16:06',"Culture eight read check pick. Affect Mrs drive decision our response provide. Chance author simply produce them activity almost admit."),
(50,8,'2023-12-20 08:19:51',"Station education discover green rise start. Manage impact worker very everybody reflect lose reach. Serve two go."),
(50,18,'2023-12-21 00:21:06',"Soon computer into decision mission prove. Without attack box take right rich able. Among nothing voice contain road."),
(19,17,'2023-12-16 20:56:47',"Outside another add one. Event standard wonder civil natural."),
(19,22,'2023-12-19 15:44:17',"Issue happy order enough receive south. Throughout effect TV simply position message line factor. Our approach by grow."),
(19,27,'2023-12-22 04:50:43',"Person part research tend. Trip population yes your office travel say right. Be store while human."),
(19,7,'2023-12-19 00:23:35',"Human media focus rate hard. Environmental city nothing paper. Bad something time."),
(95,31,'2023-12-18 02:25:33',"Set western democratic ago doctor. Half cover explain debate away program word. Like source wide social mind protect space."),
(95,40,'2023-12-19 20:29:09',"Degree right point explain high during edge read. Majority scene bad seat you go."),
(25,7,'2023-12-25 10:41:05',"Task feeling right set detail base. List condition Congress media north crime. College east fight something certain visit fish."),
(25,22,'2023-12-26 12:34:38',"Community strong kitchen ever those include. Line trial control entire beyond pattern wonder response."),
(25,18,'2023-12-25 12:48:29',"Approach animal find. Soldier upon community drop. Under remember commercial big."),
(25,21,'2023-12-22 03:11:55',"Money make general day anything. Level remain along policy. Owner movement myself left military rich knowledge room."),
(72,1,'2023-12-19 14:49:16',"Fine style far yes use high. Number respond record something. Why plant heart."),
(72,26,'2023-12-24 17:59:23',"Plant year thousand ever ask. Throughout discover traditional process city try. Factor pick performance sign talk. White heart second better will answer can."),
(72,6,'2023-12-17 06:17:20',"Card huge land position smile hot from. Old already establish around voice."),
(72,12,'2023-12-20 06:37:08',"Beyond sister billion break seek. Eight use hard."),
(72,31,'2023-12-26 12:25:11',"Technology no fly old instead former your. Degree phone interest and once subject grow."),
(52,30,'2023-12-17 22:13:41',"Personal various agree ball true major which. Its do similar the move political."),
(52,36,'2023-12-23 20:42:18',"New run size must change. Foot effort generation few over open. And both line accept prove."),
(52,24,'2023-12-24 08:31:25',"Ball model if one open factor pull. Serious beat civil little city entire figure."),
(53,11,'2023-12-17 06:55:05',"Company provide least dinner whole cut in. Significant say exist hour itself. Believe particular upon couple get because."),
(53,23,'2023-12-21 12:24:22',"Perhaps stay major represent common tax. Later spring another field decision guess institution onto. At raise effort."),
(48,22,'2023-12-20 16:27:47',"Language doctor evidence tax. Someone community anything pay boy dark past force. Later sister staff own clearly."),
(59,31,'2023-12-21 18:57:23',"Technology who whole she. Week than we best fast house. Yet truth enjoy right catch."),
(59,18,'2023-12-24 12:22:46',"Set crime charge appear dinner away. Tell none note general away staff analysis."),
(59,3,'2023-12-19 16:04:03',"None trip election democratic but. Sort remain consider door. Nor significant responsibility fall different once interesting."),
(59,36,'2023-12-23 10:27:28',"Third carry organization concern common election hotel. Whom little then blood director. Not green class type down professional mission."),
(71,13,'2023-12-21 01:45:23',"Staff explain election she effect."),
(71,7,'2023-12-18 11:33:08',"East beautiful make writer consumer save eye."),
(71,20,'2023-12-25 11:40:58',"Religious home eye. Already necessary speak born talk chance way. Thought majority check will might resource. Officer house often medical."),
(71,41,'2023-12-19 07:14:21',"Mr claim order."),
(51,22,'2023-12-21 11:47:50',"It natural trip music set gas although. Career able none participant."),
(51,35,'2023-12-22 22:44:02',"Big industry capital star determine tough court. Dream music each deep compare exist. Democrat ahead expert measure send point."),
(51,1,'2023-12-17 23:05:11',"Catch morning whether PM season go win consumer. His eight allow. Get political point spend meet you."),
(36,24,'2023-12-25 04:22:26',"Serve phone meeting. Light hard result compare relate. Agree wait amount this back."),
(49,13,'2023-12-22 22:17:34',"Difficult show meeting rate. Campaign fight focus act head. Him town soon class."),
(45,21,'2023-12-22 02:14:51',"Modern important if local. Fact hear notice pretty range customer wide. Artist phone box eight share."),
(45,32,'2023-12-23 04:04:20',"Station accept go represent character. Seem can dog. Campaign doctor ten try find market."),
(45,37,'2023-12-23 01:55:14',"Bed anyone five me. Few build might indicate purpose."),
(74,28,'2023-12-21 09:05:37',"Most bit meet according your building. Fall check strategy seven soon person. Happen lawyer where section we much someone major."),
(74,25,'2023-12-19 13:49:02',"Growth serious support thank radio themselves. Key see poor. Live choice daughter sea firm sell. Central common yeah hard."),
(74,3,'2023-12-18 14:06:45',"Learn skill chance. Cultural onto commercial rest community tree hand."),
(74,24,'2023-12-19 17:09:56',"Line resource especially paper gun approach. Because light despite Mr."),
(12,38,'2023-12-19 15:33:37',"Discover medical peace your seven up. Arm various consider make team. Try at film past feeling require media American."),
(12,17,'2023-12-18 06:01:15',"News hotel painting none hotel usually world. Stock clear rate cost."),
(12,5,'2023-12-20 22:47:46',"Pick around husband. Suggest bed could Congress easy travel. Care nation himself level. Rest there stay boy leave detail."),
(12,6,'2023-12-19 03:34:33',"Financial body manager tree create deal. Child product line also kitchen."),
(12,40,'2023-12-22 17:10:19',"Money surface which inside artist way race. Explain bring benefit model. Author cultural actually safe."),
(65,41,'2023-12-21 13:37:06',"Citizen data bank he. Plan pattern especially democratic lay. Would center case."),
(65,1,'2023-12-18 18:36:27',"Hear agent east deal one likely."),
(65,32,'2023-12-25 22:30:05',"Film religious budget. Bring all year party. Day risk computer relate white."),
(65,18,'2023-12-21 13:41:37',"Summer trouble adult."),
(35,12,'2023-12-24 13:08:09',"Since international north in through."),
(35,9,'2023-12-22 00:12:27',"Friend break if. Participant which throughout her."),
(20,13,'2023-12-22 16:18:01',"Thus order purpose sound. Character himself other instead central fall. Kind age low should prepare civil."),
(20,30,'2023-12-22 00:44:03',"Kind along check land war expert. For third career right onto forget six."),
(20,5,'2023-12-17 03:12:07',"Sign why particular knowledge college positive course as. Affect trial party just range seek product."),
(99,25,'2023-12-19 04:58:52',"Bar happy ever I event again particular church. Relationship camera relationship."),
(98,22,'2023-12-23 07:48:46',"Expect draw level once road time half. Agreement quality end wind."),
(98,27,'2023-12-20 17:45:42',"Forget themselves financial car threat yes. Child upon Congress born. Owner realize instead could."),
(98,30,'2023-12-21 10:11:48',"Step as member available yes money. Let girl group group prove garden collection."),
(98,23,'2023-12-26 15:11:40',"Manager mind from idea stand now. Lead ever affect doctor strong wait. Clearly plant opportunity maybe our. Product charge your."),
(98,12,'2023-12-18 07:53:47',"Program spend coach official already life level security. Time my check charge ability he table. Edge book democratic."),
(66,36,'2023-12-20 21:24:27',"Power floor brother rise money tend. Hundred his true occur. Difference model enjoy near middle free family."),
(66,20,'2023-12-17 10:36:12',"Difficult analysis brother remain rest indicate book. Middle represent use term his interview two. Side especially ready green race."),
(75,39,'2023-12-18 04:28:22',"The work oil me fact. Yet voice behavior walk break."),
(79,21,'2023-12-22 23:20:26',"And every professor. Moment yet out recent image. Threat president build main according down on."),
(32,24,'2023-12-26 18:47:48',"Over candidate occur black oil boy. Candidate talk speak forget stuff. Radio task require full middle. Politics expect board coach though."),
(57,26,'2023-12-25 09:34:16',"Likely affect his their. Minute mind support senior laugh together coach."),
(57,38,'2023-12-20 10:26:59',"Respond admit tend skin stage enter white world. Deep build amount. Note yeah able account cover avoid."),
(57,2,'2023-12-23 12:18:32',"Knowledge network main economy claim ever far. Experience bank close standard according prepare. Live beyond expect who city weight indicate forget."),
(24,31,'2023-12-21 14:47:58',"After administration phone none value. Court prepare ability ago may finish action response. Between great always."),
(24,28,'2023-12-25 06:49:44',"Health establish speak bar fund laugh begin. Now treatment what down maybe check likely."),
(87,12,'2023-12-17 14:39:01',"Reality individual listen give themselves now activity. Partner hope former in happen drive call property."),
(87,36,'2023-12-23 07:24:56',"Service fire hard music grow. Beat late participant worker story agency take. Minute service claim somebody about public just woman."),
(8,40,'2023-12-19 09:12:06',"Be another just without. Include available occur. College process there."),
(8,17,'2023-12-22 17:43:11',"Degree recent ask ground. Foreign college car air. Leader require great evidence power standard about."),
(8,24,'2023-12-17 02:32:03',"North truth painting. Prove when learn talk. Next begin become base point."),
(8,33,'2023-12-20 05:15:28',"Fire between ability then manager. Term if technology recent case."),
(8,14,'2023-12-18 22:01:03',"Traditional so letter popular left. Run page gas. Institution new cost health participant and yard."),
(82,2,'2023-12-26 02:50:20',"Chair personal perform including. Talk travel book skin recognize."),
(82,27,'2023-12-24 18:46:57',"Police large lose free check week. From per create everything. Vote beyond gun also."),
(82,16,'2023-12-18 01:04:23',"Eight but senior ahead memory. Election arm success source them hear. Wear join show.");


INSERT INTO WatchList (`user`,movie,order_number)
VALUES (17,20,1),
(17,6,2),
(96,28,1),
(7,1,1),
(7,8,2),
(7,9,3),
(7,27,4),
(75,33,1),
(75,21,2),
(75,8,3),
(75,41,4),
(75,31,5),
(53,18,1),
(53,36,2),
(53,19,3),
(53,22,4),
(53,19,5),
(98,15,1),
(98,29,2),
(98,34,3),
(98,4,4),
(48,36,1),
(81,20,1),
(81,2,2),
(81,25,3),
(37,17,1),
(37,35,2),
(13,33,1),
(13,36,2),
(13,9,3),
(85,41,1),
(85,15,2),
(85,23,3),
(14,11,1),
(14,41,2),
(14,22,3),
(14,36,4),
(14,36,5),
(82,4,1),
(82,40,2),
(82,13,3),
(82,10,4),
(82,14,5),
(31,41,1),
(31,26,2),
(58,26,1),
(58,37,2),
(58,15,3),
(36,33,1),
(36,16,2),
(36,28,3),
(36,15,4),
(36,20,5),
(100,19,1),
(100,30,2),
(100,19,3),
(100,1,4),
(100,18,5),
(73,26,1),
(73,8,2),
(73,2,3),
(73,4,4),
(73,21,5),
(1,32,1),
(1,28,2),
(29,3,1),
(29,28,2),
(29,31,3),
(29,28,4),
(86,26,1),
(86,9,2),
(40,29,1),
(40,25,2),
(40,31,3),
(40,30,4),
(33,5,1),
(33,8,2),
(33,3,3),
(33,28,4),
(33,3,5),
(19,8,1),
(42,24,1),
(42,29,2),
(42,27,3),
(20,6,1),
(20,30,2),
(61,29,1),
(61,16,2),
(61,25,3),
(15,38,1),
(15,4,2),
(15,27,3),
(15,34,4),
(15,38,5),
(27,20,1),
(27,5,2),
(27,29,3),
(27,18,4),
(27,22,5),
(38,1,1),
(38,34,2),
(38,19,3),
(38,36,4),
(38,3,5),
(91,38,1),
(91,6,2),
(91,10,3),
(88,37,1),
(88,20,2),
(88,41,3),
(88,16,4),
(88,31,5),
(34,22,1),
(34,29,2),
(34,38,3),
(65,8,1),
(89,4,1),
(89,6,2),
(89,10,3),
(89,29,4),
(89,15,5),
(69,20,1),
(69,32,2),
(69,26,3),
(69,11,4),
(69,15,5),
(52,33,1),
(52,4,2),
(52,33,3),
(52,29,4),
(47,31,1),
(47,22,2),
(47,15,3),
(47,37,4),
(25,21,1),
(25,11,2),
(25,12,3),
(25,14,4),
(32,41,1),
(32,12,2),
(32,22,3),
(32,28,4),
(32,17,5),
(23,25,1),
(23,20,2),
(23,19,3),
(59,28,1),
(59,19,2),
(59,5,3),
(87,34,1),
(87,3,2),
(87,4,3),
(87,14,4),
(87,19,5),
(44,4,1),
(44,14,2),
(9,33,1),
(9,10,2),
(9,25,3),
(9,32,4),
(9,3,5),
(30,1,1),
(78,8,1),
(78,22,2),
(78,24,3),
(26,31,1),
(26,33,2),
(26,16,3),
(26,34,4),
(26,39,5),
(71,6,1),
(71,6,2),
(8,36,1),
(18,3,1),
(18,29,2),
(18,3,3),
(18,20,4),
(6,29,1),
(6,5,2),
(6,39,3),
(6,35,4),
(6,34,5),
(94,22,1),
(94,21,2),
(94,17,3),
(94,3,4),
(80,3,1),
(80,27,2),
(80,12,3),
(93,23,1),
(93,36,2),
(95,9,1),
(21,11,1),
(21,29,2),
(28,30,1),
(99,3,1),
(99,18,2),
(99,28,3),
(16,25,1),
(5,9,1),
(5,30,2),
(5,15,3),
(68,27,1),
(68,21,2),
(68,31,3),
(2,12,1),
(2,6,2),
(2,2,3),
(2,33,4),
(2,2,5),
(60,33,1),
(60,41,2),
(60,14,3),
(45,24,1),
(45,10,2),
(45,19,3),
(45,5,4),
(24,4,1),
(24,32,2),
(24,31,3),
(46,10,1),
(46,31,2),
(41,20,1),
(41,24,2),
(41,38,3),
(41,4,4),
(64,41,1),
(64,13,2),
(39,31,1),
(39,11,2),
(70,16,1),
(70,20,2),
(70,17,3),
(70,23,4),
(72,37,1),
(72,36,2),
(72,36,3),
(72,10,4),
(72,34,5),
(67,1,1),
(55,15,1),
(90,38,1),
(84,5,1),
(84,14,2),
(84,9,3);

